user_id,name
1,Tremayne
2,Darien
3,Justyn
4,Dagmar
5,Damian
6,Milford
7,Luna
8,Ford
9,Jack
10,Michelle
11,Louisa
12,Lempi
13,Trevion
14,Elyssa
15,Roselyn
16,Cristal
17,Fred
18,Paolo
19,Nick
20,Judy
21,Carey
22,Hermina
23,Abraham
24,Karen
25,Rowland
26,Christina
27,Ernie
28,Melany
29,Willie
30,Gracie
31,Stewart
32,Fay
33,Macie
34,Zachary
35,Enrique
36,Chance
37,Forrest
38,Eloisa
39,Aditya
40,Lyric
41,Haley
42,Bianka
43,Chester
44,David
45,Isai
46,Jeanie
47,Mina
48,Lula
49,Cecilia
50,Vickie
51,Jaylon
52,Sherwood
53,Antonette
54,Nico
55,Cora
56,Joany
57,Ursula
58,Kennedi
59,Keely
60,Virginia
61,Pamela
62,Nellie
63,Bernadette
64,Veda
65,Erik
66,Ryann
67,Raleigh
68,Jessyca
69,Elaina
70,Lon
71,Vivien
72,Talia
73,Kayleigh
74,Gabriella
75,Turner
76,Marjolaine
77,Lynn
78,Vicky
79,Ruby
80,Ernest
81,Paris
82,Myron
83,Jesse
84,Cheyenne
85,Gunner
86,Alf
87,Carlo
88,Jimmie
89,Junior
90,Lorenzo
91,Hannah
92,Blair
93,Jefferey
94,Newton
95,Adella
96,Anika
97,Brayan
98,Ali
99,Caesar
100,Donnie
101,Erin
102,Alivia
103,Bethel
104,Magnus
105,Martin
106,Heidi
107,Erling
108,Darrick
109,Elisa
110,Jordon
111,Britney
112,Rosario
113,Cordelia
114,Ebony
115,Jaclyn
116,Jaeden
117,Lance
118,Esmeralda
119,Anjali
120,Blanche
121,Freida
122,Brendan
123,Lizzie
124,Priscilla
125,Janick
126,Lester
127,Mose
128,Emory
129,Rogelio
130,Alexandro
131,Verona
132,Janelle
133,Buddy
134,Arne
135,Hal
136,Reba
137,Chaya
138,Cristobal
139,Sadye
140,Lyla
141,Pascale
142,Ardith
143,Catharine
144,Ova
145,Victor
146,Jeffry
147,Magdalena
148,Jordy
149,Valerie
150,Oscar
151,Jody
152,Chanel
153,Emilio
154,Fabiola
155,Serena
156,Maxine
157,Ardith
158,Damian
159,Vallie
160,Tatyana
161,Demarco
162,Ubaldo
163,Terrell
164,Tillman
165,Loy
166,Jennyfer
167,Cletus
168,Lucius
169,Maryam
170,Laverna
171,Renee
172,Evangeline
173,Adelbert
174,Monserrat
175,Gabe
176,Florine
177,Jamir
178,Lucius
179,Tad
180,Billie
181,Foster
182,Don
183,Arjun
184,Tony
185,Randi
186,Abbey
187,Leanne
188,Lila
189,Meredith
190,Hillary
191,Nayeli
192,Demond
193,Ray
194,Brianne
195,Burnice
196,Eileen
197,Stevie
198,Lucile
199,Christina
200,Johnathan
