user_id,purpose
1,Ad assumenda est praesentium nobis.
2,Et voluptas aut totam ex ut ducimus omnis.
3,Officia nesciunt magnam perferendis nam.
4,Quia nulla sint id et et dolorem.
5,Quod deleniti rerum repudiandae eligendi.
6,Ad nemo culpa voluptatum est maiores.
7,Ea esse voluptatum qui repudiandae velit.
8,Saepe quis repellendus rem hic ipsa sapiente.
9,Ipsum suscipit officia voluptate mollitia.
10,Sit labore sunt sit labore neque et.
11,Et nam beatae aut debitis aliquam.
12,Illo rerum beatae velit culpa quae.
13,Voluptate et rerum delectus voluptas.
14,Non veritatis alias sed incidunt quis.
15,Quidem et sit cum ipsa vitae.
16,Quo et vel ea nihil.
17,Est rem eum magnam beatae ea harum dolorem.
18,Rerum non voluptas quia.
19,Ducimus laborum ea animi tenetur.
20,Consequatur soluta dolore qui nam aperiam.
21,Est dolorum nihil asperiores error.
22,Qui culpa ratione delectus nihil.
23,Omnis voluptas quia eos tenetur est.
24,Aut tenetur est non.
25,Et debitis soluta quam.
26,Incidunt sint eligendi aliquid sunt.
27,Voluptates eum sint animi quis aut.
28,Voluptas eveniet rem quia quos non.
29,Aut quod deleniti impedit omnis.
30,Ipsa ex nihil voluptas ut inventore omnis.
31,Voluptatem animi vero eveniet ipsa voluptatibus.
32,Quibusdam qui modi omnis.
33,Vero dolore nobis aliquam qui quo quisquam ea.
34,Quos laborum voluptatibus officiis saepe.
35,Dolorem ea eum cupiditate aperiam.
36,Aut id qui aut nemo fugiat natus.
37,Impedit vitae ipsum et molestias iure corrupti.
38,Officia rerum eius et distinctio itaque quidem.
39,Labore quia suscipit in molestiae.
40,Necessitatibus rerum ut quis nam facere a.
41,Ut autem quia ipsum ea.
42,Quis id explicabo a aut est eveniet id.
43,Ipsum aliquam assumenda consectetur provident.
44,Perferendis quam ducimus reiciendis quis unde.
45,Ab enim soluta maxime eum sed possimus dolores.
46,Ut ut consequuntur est natus et eum qui.
47,Omnis reiciendis commodi nisi rerum quod.
48,Id deserunt quisquam ut et eveniet.
49,Asperiores ut quod vero quia harum et officia.
50,Ut dolor dolor iusto nemo et.
